pair_id,story_id,event1_id,event2_id,weak_label,weak_label_source,weak_label_confidence,sentence_context
RV3_EXP_000004,F0006,EV2_0000095,EV2_0000096,CAUSAL,RULE_EXPLICIT_HIGH_CONFIDENCE,0.78,泥鳅妈妈看到这些，就知道自己的孩子肯定在外面受了委屈，于是就上前问个究竟。
RV3_EXP_000007,F0008,EV2_0000158,EV2_0000159,CAUSAL,RULE_EXPLICIT_HIGH_CONFIDENCE,0.78,然后她想起巴柏西曾担任消防队员，因此她也打电话给消防队长，问他是否能派一位穿制服的消防队员到医院来，在巴柏西临终前陪伴他。
RV3_EXP_000008,F0010,EV2_0000199,EV2_0000200,CAUSAL,RULE_EXPLICIT_HIGH_CONFIDENCE,0.78,楚国村民发现，自己的瓜田像是每天都有人浇过水，感到很是奇怪，互相一问，谁也不知道是怎么回事。
RV3_EXP_000009,F0010,EV2_0000200,EV2_0000201,CAUSAL,RULE_EXPLICIT_HIGH_CONFIDENCE,0.78,于是他们开始暗中观察，终于发现为他们的西瓜浇水的正是魏国的村民，楚国的村民大受感动。
RV3_EXP_000011,F0014,EV2_0000248,EV2_0000247,CAUSAL,RULE_EXPLICIT_HIGH_CONFIDENCE,0.908,我一直以为自己是一个慷慨的人，因为我喜欢送东西给别人。
RV3_EXP_000012,F0015,EV2_0000294,EV2_0000295,CAUSAL,RULE_EXPLICIT_HIGH_CONFIDENCE,0.758,２．钉子： 有一个男孩有着很坏的脾气，于是他的父亲就给了他一袋钉子；
RV3_EXP_000016,F0019,EV2_0000342,EV2_0000343,CAUSAL,RULE_EXPLICIT_HIGH_CONFIDENCE,0.938,王冕看了非常喜爱，便想把它画下来，于是赶紧用身上的一点零用钱买了纸和笔来开始作画。
RV3_EXP_000017,F0019,EV2_0000343,EV2_0000344,CAUSAL,RULE_EXPLICIT_HIGH_CONFIDENCE,0.78,王冕看了非常喜爱，便想把它画下来，于是赶紧用身上的一点零用钱买了纸和笔来开始作画。
RV3_EXP_000018,F0022,EV2_0000407,EV2_0000408,CAUSAL,RULE_EXPLICIT_HIGH_CONFIDENCE,0.75,小蜜蜂感到很恶心，她想：看样子苍蝇是故意捉弄我!
RV3_EXP_000020,F0023,EV2_0000425,EV2_0000426,TEMPORAL,RULE_EXPLICIT_HIGH_CONFIDENCE,0.78,”朋友们先有礼貌地向猪妈妈打过招呼，然后一齐对小猪胖胖说：“我们是来和你告别的。
RV3_EXP_000026,F0031,EV2_0000566,EV2_0000567,TEMPORAL,RULE_EXPLICIT_HIGH_CONFIDENCE,0.78,”心灵美乌鸦(一只博爱善良爱助人为乐的灰乌鸦的雅号)大叫着跑出鸟群，它飞快地从自己身上拔下了一撮撮的羽毛扔给了落水的众蚁，然后心灵美乌鸦又飞到水面上叼起一片片趴有落水蚁的羽毛，把它们一个个的都轻轻地放在了平安的河岸上。
RV3_EXP_000027,F0031,EV2_0000567,EV2_0000568,TEMPORAL,RULE_EXPLICIT_HIGH_CONFIDENCE,0.78,”心灵美乌鸦(一只博爱善良爱助人为乐的灰乌鸦的雅号)大叫着跑出鸟群，它飞快地从自己身上拔下了一撮撮的羽毛扔给了落水的众蚁，然后心灵美乌鸦又飞到水面上叼起一片片趴有落水蚁的羽毛，把它们一个个的都轻轻地放在了平安的河岸上。
RV3_EXP_000033,F0032,EV2_0000621,EV2_0000622,CAUSAL,RULE_EXPLICIT_HIGH_CONFIDENCE,0.78,”于是，水獭们走了，其他可以帮它的动物见到这种情形也不来理睬它了，免得自讨没趣。
RV3_EXP_000034,F0033,EV2_0000652,EV2_0000653,CAUSAL,RULE_EXPLICIT_HIGH_CONFIDENCE,0.78,” 小野马们还是不太明白，但是他们知道了，那是一种本能，所以说不明白。
RV3_EXP_000038,F0036,EV2_0000711,EV2_0000712,CAUSAL,RULE_EXPLICIT_HIGH_CONFIDENCE,0.9,” 判官经过调查了解，证明牛所说情况属实，于是牛也得到了轻罚。
RV3_EXP_000042,F0037,EV2_0000721,EV2_0000722,CAUSAL,RULE_EXPLICIT_HIGH_CONFIDENCE,0.878,一次，楚庄王因为打了大胜仗，十分高兴，便在宫中设盛大晚宴，招待群臣，宫中一片热火朝天。
RV3_EXP_000043,F0037,EV2_0000726,EV2_0000727,TEMPORAL,RULE_EXPLICIT_HIGH_CONFIDENCE,0.78,许姬便顺手拔下那人的帽缨并赶快挣脱离开，然后许姬来到庄王身边告诉庄王说：“有人想趁黑暗调戏我，我已拔下了他的帽缨，请大王快吩咐点灯，看谁没有帽缨就把他抓起来处置。
RV3_EXP_000045,F0040,EV2_0000774,EV2_0000773,CAUSAL,RULE_EXPLICIT_HIGH_CONFIDENCE,0.78,在很久以前，天庭里有一个爱捣蛋的小精灵，大家都因为他的捣蛋不喜欢他。
RV3_EXP_000048,F0041,EV2_0000830,EV2_0000831,TEMPORAL,RULE_EXPLICIT_HIGH_CONFIDENCE,0.788,”枪接着又问：“你们喜欢什么呢？
RV3_EXP_000053,F0046,EV2_0000982,EV2_0000983,CAUSAL,RULE_EXPLICIT_HIGH_CONFIDENCE,0.78,” 儿子听了很高兴，心想，如果要比谁先跑到那棵树，肯定是父亲赢，但要是比谁走出的路线更直，那可就不一定了。
RV3_EXP_000058,F0050,EV2_0001072,EV2_0001073,CAUSAL,RULE_EXPLICIT_HIGH_CONFIDENCE,0.75,”他高兴极了，正准备走捷径的时候，想起了老板的第一条忠告，于是他回到了原来的路上。
RV3_EXP_000059,F0051,EV2_0001127,EV2_0001128,CAUSAL,RULE_EXPLICIT_HIGH_CONFIDENCE,0.78,它刚跑到那棵树下爬抓了几下，这棵树上的小狼又叫了起来。
RV3_EXP_000061,F0054,EV2_0001179,EV2_0001180,CAUSAL,RULE_EXPLICIT_HIGH_CONFIDENCE,0.75,” 老虎并不知道百兽害怕的正是它自己，反而因此相信了狐狸的谎言。
RV3_EXP_000062,F0057,EV2_0001243,EV2_0001244,CAUSAL,RULE_EXPLICIT_HIGH_CONFIDENCE,0.75,加上他们能够轻松的找到体面的职业，获得体面的收入，所以，不愿意风里来、雨里去做小生意，于是，他们失去很多创业的机会。
RV3_EXP_000064,F0059,EV2_0001288,EV2_0001289,CAUSAL,RULE_EXPLICIT_HIGH_CONFIDENCE,0.78,这样寻思着，他走过去把洗衣服用的大木棒拿来，照准父亲头上的蚊子，抡起棒子，狠命地一棒打了过去。
RV3_EXP_000065,F0059,EV2_0001289,EV2_0001290,CAUSAL,RULE_EXPLICIT_HIGH_CONFIDENCE,0.78,结果蚊子马上飞走了，没有被打中，他父亲却被当场打死了。
RV3_EXP_000066,F0059,EV2_0001290,EV2_0001291,CAUSAL,RULE_EXPLICIT_HIGH_CONFIDENCE,0.81,结果蚊子马上飞走了，没有被打中，他父亲却被当场打死了。
RV3_EXP_000067,F0059,EV2_0001294,EV2_0001295,CAUSAL,RULE_EXPLICIT_HIGH_CONFIDENCE,0.75,打蚊子用巴掌就已足够了，而且十分有效，大木棒不但没用反而还帮倒忙。
RV3_EXP_000073,F0064,EV2_0001393,EV2_0001394,CAUSAL,RULE_EXPLICIT_HIGH_CONFIDENCE,0.75,于是他们来到中国某地农村，找到一位柿农，说要买他1000个柿子，请他把这些柿子从树上摘下来，并演示一下贮存的过程，谈好的价钱是1000个柿子给160元人民币，折合20美元。
RV3_EXP_000074,F0064,EV2_0001395,EV2_0001396,CAUSAL,RULE_EXPLICIT_HIGH_CONFIDENCE,0.78,于是他们来到中国某地农村，找到一位柿农，说要买他1000个柿子，请他把这些柿子从树上摘下来，并演示一下贮存的过程，谈好的价钱是1000个柿子给160元人民币，折合20美元。
RV3_EXP_000075,F0064,EV2_0001399,EV2_0001400,CAUSAL,RULE_EXPLICIT_HIGH_CONFIDENCE,0.758,这位柿农很高兴地同意了。
RV3_EXP_000076,F0064,EV2_0001400,EV2_0001401,CAUSAL,RULE_EXPLICIT_HIGH_CONFIDENCE,0.788,于是他找来一个帮手，一人爬到柿子树上，用绑有弯钩的长杆，看准长得好的柿子用劲一拧，柿子就掉了下来。
RV3_EXP_000077,F0064,EV2_0001403,EV2_0001404,CAUSAL,RULE_EXPLICIT_HIGH_CONFIDENCE,0.75,于是他找来一个帮手，一人爬到柿子树上，用绑有弯钩的长杆，看准长得好的柿子用劲一拧，柿子就掉了下来。
RV3_EXP_000081,F0064,EV2_0001417,EV2_0001418,CAUSAL,RULE_EXPLICIT_HIGH_CONFIDENCE,0.78,那位柿农心里想。
RV3_EXP_000082,F0064,EV2_0001419,EV2_0001420,CAUSAL,RULE_EXPLICIT_HIGH_CONFIDENCE,0.78,于是他很生气地说：“我的柿子很棒呢，质量好得很，你们没理由瞧不起它们。
RV3_EXP_000084,F0066,EV2_0001499,EV2_0001500,TEMPORAL,RULE_EXPLICIT_HIGH_CONFIDENCE,0.78,然后，大兔子躺在小兔子的旁边，小声地微笑着说：“我爱你，从这里一直到月亮，再…绕回来。
RV3_EXP_000085,F0069,EV2_0001563,EV2_0001564,CAUSAL,RULE_EXPLICIT_HIGH_CONFIDENCE,0.758,然而，生活从来不会因为我的落魄而可怜我，内心本就脆弱的我，终于决定走掉，从这个城市消失。
RV3_EXP_000090,F0073,EV2_0001699,EV2_0001700,TEMPORAL,RULE_EXPLICIT_HIGH_CONFIDENCE,0.78,平时，隐鱼四处游动寻找海参，当发现目标时，便靠近海参并找准海参的肛门，然后转个身将尾部先插进去，不一会儿，它那细长的身子都钻进了海参体内。
RV3_EXP_000093,F0074,EV2_0001725,EV2_0001726,TEMPORAL,RULE_EXPLICIT_HIGH_CONFIDENCE,0.78,” 第四个说：“要我干活，我先游荡一小时，养足精力。
RV3_EXP_000095,F0075,EV2_0001774,EV2_0001775,CAUSAL,RULE_EXPLICIT_HIGH_CONFIDENCE,0.758,于是，秦桧经常在高宗面前说赵鼎的坏话，使高宗对他逐渐失去信任。
RV3_EXP_000096,F0076,EV2_0001804,EV2_0001805,CAUSAL,RULE_EXPLICIT_HIGH_CONFIDENCE,0.908,” 于是，小狗们拿起小石子，用力地向小猪扔去。
RV3_EXP_000097,F0078,EV2_0001831,EV2_0001832,CAUSAL,RULE_EXPLICIT_HIGH_CONFIDENCE,0.9,”于是他爬了上去，看见天使们正忙着打晒燕麦呢，他不由地被这情景所吸引。
RV3_EXP_000098,F0078,EV2_0001839,EV2_0001840,TEMPORAL,RULE_EXPLICIT_HIGH_CONFIDENCE,0.78,在天堂中到处都扔着种庄稼的工具，他手忙脚乱地抓了一把镢头和一把木枷，然后顺着绳子爬了下来。
RV3_EXP_000099,F0078,EV2_0001840,EV2_0001841,TEMPORAL,RULE_EXPLICIT_HIGH_CONFIDENCE,0.9,在天堂中到处都扔着种庄稼的工具，他手忙脚乱地抓了一把镢头和一把木枷，然后顺着绳子爬了下来。
RV3_EXP_000100,F0080,EV2_0001864,EV2_0001865,CAUSAL,RULE_EXPLICIT_HIGH_CONFIDENCE,0.788,小男孩知道妈妈工作压力大，所以心情不好才骂他。
RV3_EXP_000102,F0081,EV2_0001912,EV2_0001913,CAUSAL,RULE_EXPLICIT_HIGH_CONFIDENCE,0.788,"最不获好评的是另一个男同学,因为他一个人现在还在商场没回来,老师笑着说,他可能还在找最好的方法,也可能是在等雨停。"
RV3_EXP_000103,F0081,EV2_0001917,EV2_0001918,TEMPORAL,RULE_EXPLICIT_HIGH_CONFIDENCE,0.788,"然后,老师认真地说,我想让你们明白,你们最终是要面对市场的,那里无处不是商机,你们在商机面前是平等的,职场发展与挣钱都是这个道理。"
RV3_EXP_000104,F0082,EV2_0001939,EV2_0001940,CAUSAL,RULE_EXPLICIT_HIGH_CONFIDENCE,0.78,” 晏子离开座位，对着齐景公恭敬地回答说：“现在她是又老又丑，可我与她生活在一起已经很长时间了，因此也赶上过她又年轻又漂亮的年华。
RV3_EXP_000106,F0083,EV2_0001981,EV2_0001982,CAUSAL,RULE_EXPLICIT_HIGH_CONFIDENCE,0.78,” 老婆婆大声笑着说：“我看不用，因为我们已经送给她一个空瓶子，只要她懂得用空瓶子去装那些不开心的事，我想她就会明白她今天的哭泣是多么的可笑。
RV3_EXP_000107,F0083,EV2_0001985,EV2_0001986,TEMPORAL,RULE_EXPLICIT_HIGH_CONFIDENCE,0.908,” 然后我听见远去的脚步声，我略有所悟的抬起头站了起来，擦干了脸上的泪痕，然后想着去买一个超大的瓶子，这么想的时候我竟然笑了出来。
RV3_EXP_000108,F0083,EV2_0001988,EV2_0001989,TEMPORAL,RULE_EXPLICIT_HIGH_CONFIDENCE,0.78,” 然后我听见远去的脚步声，我略有所悟的抬起头站了起来，擦干了脸上的泪痕，然后想着去买一个超大的瓶子，这么想的时候我竟然笑了出来。
RV3_EXP_000112,F0087,EV2_0002087,EV2_0002088,CAUSAL,RULE_EXPLICIT_HIGH_CONFIDENCE,0.78,等他到了左边这座山的庙，看到他的老友之后大吃一惊，因为他的老友正在庙前打太极拳，一点也不像一个月没喝水的人。
RV3_EXP_000113,F0087,EV2_0002094,EV2_0002095,CAUSAL,RULE_EXPLICIT_HIGH_CONFIDENCE,0.78,”于是他带着右边那座山的和尚走到庙的后院，指着一口井说：“这五年来，我每天做完功课后都会抽空挖这口井，即使有时很忙，能挖多少就算多少。
RV3_EXP_000114,F0088,EV2_0002103,EV2_0002104,TEMPORAL,RULE_EXPLICIT_HIGH_CONFIDENCE,0.788,” 公扈和齐婴回答道：“我们想听听这种病有些什么症状，然后再作决定。
RV3_EXP_000116,F0094,EV2_0002246,EV2_0002247,CAUSAL,RULE_EXPLICIT_HIGH_CONFIDENCE,0.758,” 树说：“我死倒是极其容易，但这崖边便再无其他的树了，所以不能死呀。
RV3_EXP_000121,F0098,EV2_0002345,EV2_0002346,CAUSAL,RULE_EXPLICIT_HIGH_CONFIDENCE,0.78,近来见大人双眉紧锁，知道必定是为国事操心，所以心中忧伤，但不敢询问。
RV3_EXP_000123,F0104,EV2_0002427,EV2_0002428,CAUSAL,RULE_EXPLICIT_HIGH_CONFIDENCE,0.78,城里人说也不能让傻瓜们太吃亏，所以集体筹资5千万把地宫宝物全买下来。
RV3_EXP_000124,F0106,EV2_0002450,EV2_0002451,CAUSAL,RULE_EXPLICIT_HIGH_CONFIDENCE,0.81,爱因斯坦的父亲看见杰克大叔的模样，新想自己的脸肯定和他一样脏，于是就到附近的小河里洗了又洗；
RV3_EXP_000126,F0107,EV2_0002465,EV2_0002466,CAUSAL,RULE_EXPLICIT_HIGH_CONFIDENCE,0.81,工人觉得自己一下子变老了许多，感觉快走不动了，但他还是感到非常地高兴，因为一下子有了那么多的钱，不用觉得自己老了而可惜。
RV3_EXP_000128,F0113,EV2_0002593,EV2_0002594,CAUSAL,RULE_EXPLICIT_HIGH_CONFIDENCE,0.758,” “我简直羞愧死了，想不到我送他来这里受训三个月，我所看到的结果是他这么不经打，被人一打就倒。
RV3_EXP_000129,F0113,EV2_0002594,EV2_0002595,CAUSAL,RULE_EXPLICIT_HIGH_CONFIDENCE,0.9,” “我简直羞愧死了，想不到我送他来这里受训三个月，我所看到的结果是他这么不经打，被人一打就倒。
RV3_EXP_000130,F0113,EV2_0002596,EV2_0002597,CAUSAL,RULE_EXPLICIT_HIGH_CONFIDENCE,0.81,” “我简直羞愧死了，想不到我送他来这里受训三个月，我所看到的结果是他这么不经打，被人一打就倒。
RV3_EXP_000132,F0114,EV2_0002623,EV2_0002624,CAUSAL,RULE_EXPLICIT_HIGH_CONFIDENCE,0.9,请我们来吃饭，结果却叫我们挨饿。
RV3_EXP_000134,F0117,EV2_0002669,EV2_0002670,CAUSAL,RULE_EXPLICIT_HIGH_CONFIDENCE,0.78,回到主人家中，小猫翻来覆去地想，当初自己学钓鱼，因为不专心，成为人们不专心学习的反面教员；
RV3_EXP_000139,F0124,EV2_0002802,EV2_0002803,CAUSAL,RULE_EXPLICIT_HIGH_CONFIDENCE,0.788,“因为那些小动物们知道，狮子王不会瞧不起它们，更不会欺负它们，得到食物的时候，狮子王还会分一些给它身旁的跟随者。
RV3_EXP_000140,F0124,EV2_0002803,EV2_0002804,CAUSAL,RULE_EXPLICIT_HIGH_CONFIDENCE,0.9,“因为那些小动物们知道，狮子王不会瞧不起它们，更不会欺负它们，得到食物的时候，狮子王还会分一些给它身旁的跟随者。
RV3_EXP_000141,F0124,EV2_0002804,EV2_0002805,CAUSAL,RULE_EXPLICIT_HIGH_CONFIDENCE,0.78,“因为那些小动物们知道，狮子王不会瞧不起它们，更不会欺负它们，得到食物的时候，狮子王还会分一些给它身旁的跟随者。
RV3_EXP_000142,F0124,EV2_0002805,EV2_0002806,CAUSAL,RULE_EXPLICIT_HIGH_CONFIDENCE,0.78,“因为那些小动物们知道，狮子王不会瞧不起它们，更不会欺负它们，得到食物的时候，狮子王还会分一些给它身旁的跟随者。
RV3_EXP_000147,F0127,EV2_0002911,EV2_0002912,TEMPORAL,RULE_EXPLICIT_HIGH_CONFIDENCE,0.78,到了卖柑橘的季节，她常常凌晨两三点钟就得起床，走十多里的山路，帮母亲把柑橘背到街上，然后再赶到学校上课。
RV3_EXP_000151,F0130,EV2_0002992,EV2_0002993,CAUSAL,RULE_EXPLICIT_HIGH_CONFIDENCE,0.78,老虎回过头，无可奈何地望着树上的猫。
RV3_EXP_000154,F0132,EV2_0003058,EV2_0003057,CAUSAL,RULE_EXPLICIT_HIGH_CONFIDENCE,0.908,在行进的过程中，能让你感兴趣的事物会不断变化，但你所能得到的东西却越来越少了，因为如果你想走完全程，想顺利达到目的地，总会眷恋身边迷人的事物，不顾轻重而只想得到。
RV3_EXP_000155,F0133,EV2_0003064,EV2_0003065,CAUSAL,RULE_EXPLICIT_HIGH_CONFIDENCE,0.788,从前有个小牧童，由于别人无论问什么，他都能给出个聪明的回答，因而名声远扬。
RV3_EXP_000158,F0140,EV2_0003201,EV2_0003202,CAUSAL,RULE_EXPLICIT_HIGH_CONFIDENCE,0.9,”公孙仪答道：“恰恰就是因为我爱吃鱼，我才不接受人家送的鱼。
RV3_EXP_000162,F0142,EV2_0003237,EV2_0003238,CAUSAL,RULE_EXPLICIT_HIGH_CONFIDENCE,0.78,张三跟儿子张六说：孩子，其实我也很清楚贝贝是只会叫的狗，而卡卡则是—只会捕捉猎物的狗，在两只狗的合作中，卡卡有可能多出了—些力气，而贝贝则少出了点力，但当它们—旦分开，则往往—事无成。
RV3_EXP_000163,F0142,EV2_0003238,EV2_0003239,CAUSAL,RULE_EXPLICIT_HIGH_CONFIDENCE,0.78,因为在捕猎时—般都需要—只狗叫唤，当猎物吓得失去了方向不知所措时，另—只狗则不动声色地绕到猎物的身后将其捕获，两者缺—不可啊。
RV3_EXP_000164,F0143,EV2_0003276,EV2_0003277,CAUSAL,RULE_EXPLICIT_HIGH_CONFIDENCE,0.9,” 胡狼和狼在洞时很安全，因为洞口小，狮子钻不进去，胡狼中洞里回答狮子：“大王，我俩的纠纷已经解决了，就不再麻烦您了，请您走您的路吧！
RV3_EXP_000165,F0145,EV2_0003314,EV2_0003315,TEMPORAL,RULE_EXPLICIT_HIGH_CONFIDENCE,0.78,”（洪业后来才知道，囚人抗日如不明说，就会挨打） “你为什么抗日？
RV3_EXP_000166,F0145,EV2_0003330,EV2_0003331,CAUSAL,RULE_EXPLICIT_HIGH_CONFIDENCE,0.908,因为韩国人不能保护自己，中国便和日本打了一仗。
RV3_EXP_000170,F0153,EV2_0003547,EV2_0003548,CAUSAL,RULE_EXPLICIT_HIGH_CONFIDENCE,0.75,小和尚洗完想要拿汗巾擦脸，却发现汗巾还挂在那边的柴担上，他也确实是很累了，于是就指着柴担，示意让小强替他去拿汗巾。
RV3_EXP_000171,F0153,EV2_0003553,EV2_0003554,TEMPORAL,RULE_EXPLICIT_HIGH_CONFIDENCE,0.78,小和尚笑得更开心了，这次他拿一块石头丢过去，正好丢到汗巾上，然后指给小强“看到了吧？
RV3_EXP_000172,F0153,EV2_0003562,EV2_0003563,CAUSAL,RULE_EXPLICIT_HIGH_CONFIDENCE,0.908,回来以后，小和尚把这件有趣的事告诉了方丈。
RV3_EXP_000173,F0153,EV2_0003564,EV2_0003565,CAUSAL,RULE_EXPLICIT_HIGH_CONFIDENCE,0.78,于是方丈问他：“你跟师弟们讲道理，他们听不明白，你就会发脾气。
RV3_EXP_000175,F0153,EV2_0003568,EV2_0003569,CAUSAL,RULE_EXPLICIT_HIGH_CONFIDENCE,0.78,”小和尚一愣，回答说：“小强听不懂是很正常的，因为他是猴。
RV3_EXP_000176,F0156,EV2_0003638,EV2_0003639,CAUSAL,RULE_EXPLICIT_HIGH_CONFIDENCE,0.75,耶稣边走边丢，彼得也就狼狈地弯了十七八次腰。
RV3_EXP_000177,F0156,EV2_0003640,EV2_0003641,CAUSAL,RULE_EXPLICIT_HIGH_CONFIDENCE,0.78,于是耶稣笑着对他说：“要是按我想的做，你最开始弯一次腰，我也就不用一次又一次重复地扔樱桃，你也就不会在后来没完没了地弯腰。
RV3_EXP_000181,F0161,EV2_0003723,EV2_0003724,CAUSAL,RULE_EXPLICIT_HIGH_CONFIDENCE,0.758,食用碘盐最安全有效，每人每日必须吃适量的盐，所以食盐是补碘的最好载体，更主要的是，食用碘盐很经济，易推广，即使是贫困地区或家庭也可以接受。
RV3_EXP_000182,F0161,EV2_0003724,EV2_0003725,CAUSAL,RULE_EXPLICIT_HIGH_CONFIDENCE,0.78,食用碘盐最安全有效，每人每日必须吃适量的盐，所以食盐是补碘的最好载体，更主要的是，食用碘盐很经济，易推广，即使是贫困地区或家庭也可以接受。
RV3_EXP_000183,F0162,EV2_0003767,EV2_0003768,CAUSAL,RULE_EXPLICIT_HIGH_CONFIDENCE,0.78,所以，即便一败涂地时也别灰心丧气，以为天就要塌下来了，只要心不死，志不灭，有一线生机也不放弃，从头干起，“天不灭曹”的厚爱，说不定也会落到你的身上。
RV3_EXP_000184,F0163,EV2_0003793,EV2_0003794,CAUSAL,RULE_EXPLICIT_HIGH_CONFIDENCE,0.908,他不能选择穷人家的姑娘，也不喜欢富家小姐。
RV3_EXP_000185,F0163,EV2_0003801,EV2_0003802,CAUSAL,RULE_EXPLICIT_HIGH_CONFIDENCE,0.788,姑娘暗暗注意到，王子正在看着她，她羞得满脸通红，于是急忙垂下目光，继续纺纱。
RV3_EXP_000186,F0164,EV2_0003865,EV2_0003866,TEMPORAL,RULE_EXPLICIT_HIGH_CONFIDENCE,0.79,”后来他的病好了，他又过上了开心的日子。
RV3_EXP_000187,F0165,EV2_0003873,EV2_0003874,TEMPORAL,RULE_EXPLICIT_HIGH_CONFIDENCE,0.78,一日，骗子对站在悬崖边上的神，说：我俩打一个赌，我只用一个字就能把人从此悬崖上骗下去。
RV3_EXP_000188,F0165,EV2_0003896,EV2_0003897,CAUSAL,RULE_EXPLICIT_HIGH_CONFIDENCE,0.78,瞎乞丐听了就跪了，结果掉下了悬崖。
RV3_EXP_000191,F0170,EV2_0004021,EV2_0004022,CAUSAL,RULE_EXPLICIT_HIGH_CONFIDENCE,0.78,对一个喜欢零食的孩子来说，买一座金山和买一包话梅的钱没什么区别，所以孩子很容易快乐。
RV3_EXP_000192,F0170,EV2_0004023,EV2_0004024,CAUSAL,RULE_EXPLICIT_HIGH_CONFIDENCE,0.75,对一个喜欢零食的孩子来说，买一座金山和买一包话梅的钱没什么区别，所以孩子很容易快乐。
RV3_EXP_000194,F0171,EV2_0004033,EV2_0004034,TEMPORAL,RULE_EXPLICIT_HIGH_CONFIDENCE,0.78,后来，才发明了用火（在周口店的北京人遗址上，已发现用火的痕迹，说明那时候已经知道利用火）。
RV3_EXP_000197,F0175,EV2_0004138,EV2_0004137,CAUSAL,RULE_EXPLICIT_HIGH_CONFIDENCE,0.938,你也想让那个医生上车，因为他救过你，这是个好机会报答他。
RV3_EXP_000198,F0175,EV2_0004138,EV2_0004139,CAUSAL,RULE_EXPLICIT_HIGH_CONFIDENCE,0.818,你也想让那个医生上车，因为他救过你，这是个好机会报答他。
RV3_EXP_000200,F0179,EV2_0004178,EV2_0004179,CAUSAL,RULE_EXPLICIT_HIGH_CONFIDENCE,0.908,不过那位商人的小姑娘却很生气，因为她爸爸的名字是叫做“马得生”，她知道他的名字的结尾是“生”。
RV3_EXP_000201,F0179,EV2_0004179,EV2_0004180,CAUSAL,RULE_EXPLICIT_HIGH_CONFIDENCE,0.788,因此她尽量做出一种骄傲的神情说： “但是我的爸爸能买一百块钱的麦芽糖，叫大家挤作一团地来抢！
RV3_EXP_000202,F0179,EV2_0004180,EV2_0004181,CAUSAL,RULE_EXPLICIT_HIGH_CONFIDENCE,0.78,因此她尽量做出一种骄傲的神情说： “但是我的爸爸能买一百块钱的麦芽糖，叫大家挤作一团地来抢！
RV3_EXP_000203,F0179,EV2_0004186,EV2_0004187,CAUSAL,RULE_EXPLICIT_HIGH_CONFIDENCE,0.908,他帮女厨子转了一会儿烤肉叉，因此她准许他站在门后偷偷地瞧这些漂亮的孩子在屋子里作乐。
RV3_EXP_000204,F0186,EV2_0004315,EV2_0004316,CAUSAL,RULE_EXPLICIT_HIGH_CONFIDENCE,0.78,” 大黑鹅笑了：“这是鱼的生理特征所决定的：鱼有鳞，鳞上有粘液，粘液有防水作用，所以水就不会透到鱼的体内。
RV3_EXP_000205,F0186,EV2_0004318,EV2_0004319,CAUSAL,RULE_EXPLICIT_HIGH_CONFIDENCE,0.75,而鱼离水后，鳃会因失水而干燥互相粘连，破坏了进行气体交换的功能，鱼就会窒息而死，所以说‘鱼儿离不开水’。
RV3_EXP_000207,F0191,EV2_0004385,EV2_0004386,CAUSAL,RULE_EXPLICIT_HIGH_CONFIDENCE,0.9,起初，我并不懂这样的道理，我把我的目标定在四十多公里外终点线的那面旗帜上，结果我跑到十几公里时就疲惫不堪了，我被前面那段遥远的路程给吓倒了。
RV3_EXP_000209,F0197,EV2_0004594,EV2_0004595,TEMPORAL,RULE_EXPLICIT_HIGH_CONFIDENCE,0.908,从此，它们不再争执，埋头走稳自己的路，互相关照，互相帮协作，帮助主人踏实、稳健地走好每一步。
RV3_EXP_000213,F0198,EV2_0004618,EV2_0004619,CAUSAL,RULE_EXPLICIT_HIGH_CONFIDENCE,0.788,不过他并没有得到金子，于是就自己安慰自己，心想这也许只是小矮人戏弄他，不过是与他开了一个玩笑而已。
RV3_EXP_000214,F0198,EV2_0004646,EV2_0004647,CAUSAL,RULE_EXPLICIT_HIGH_CONFIDENCE,0.774,因为一到晚上十二点，他们的魔力就会消失，我也就恢复自由了，到那时，我会给你带来生命之水，还你一个活泼健康的身体。
RV3_EXP_000215,F0200,EV2_0004689,EV2_0004690,CAUSAL,RULE_EXPLICIT_HIGH_CONFIDENCE,0.78,于是，宋仁宗悄悄地回到自己书房，拿起笔来在两张纸条上写下了同样的一句话：“谁先到达你处，便升任领班侍卫。
RV3_EXP_000216,F0200,EV2_0004691,EV2_0004692,TEMPORAL,RULE_EXPLICIT_HIGH_CONFIDENCE,0.788,接着，宋仁宗派人叫来矮个子侍卫，让他带着一个小金盒送到负责皇宫内务的总管那里。
RV3_EXP_000217,F0200,EV2_0004698,EV2_0004699,CAUSAL,RULE_EXPLICIT_HIGH_CONFIDENCE,0.75,高个子侍卫却一心惦记着要完成任务，只是匆匆打了声招呼就继续往前走，直接把小金盒送到了总管那里，仅仅因为抢先了几步，他就得到了一个改变自己命运的好机会。
PV3_0000009,F0001,EV2_0000013,EV2_0000014,NOT_TARGET,STRUCTURAL_HARD_NEGATIVE,0.55,正玩得开心时，不料“车夫”拉车用力过猛，双手失去控制，一下把“乘客”抛了出去。 “车夫”愣在那里傻了眼，知道自己闯了祸；
PV3_0000013,F0002,EV2_0000027,EV2_0000029,NOT_TARGET,STRUCTURAL_HARD_NEGATIVE,0.55,哎，哎…” 废铁悲天悯人的神态，终于激恼了煤渣，它不客气地说道： “据我所看，老弟，你应该回炉才行，不要老在这儿说风凉话了，其实，我也没有时间听你的感叹。
PV3_0000025,F0004,EV2_0000039,EV2_0000040,NOT_TARGET,STRUCTURAL_HARD_NEGATIVE,0.55,在不利的情况下，仍不放弃心中的目标，在别人看来似乎不可能的事情上，仍不放弃做出积极的努力，这就是吴鹰在这次应聘中取胜的原因，也是他今后人生成功的一个法宝。 成功，有时需要一种笨笨的坚持。
PV3_0000027,F0004,EV2_0000045,EV2_0000048,NOT_TARGET,STRUCTURAL_HARD_NEGATIVE,0.55,终于有一天，一个常去公园的大老板对原一平的微笑发生了兴趣，他不明白一个吃不饱饭的人为什么总是那么快乐，于是便和他交谈起来，最终被原一平的微笑所感动，愉快地答应买下一份保单，这是原一平做下的第一笔业务。 后来，这位大老板又把原一平介绍给许多商场上的朋友，原一平的微笑感染了越来越多的人，他的业务越做越大，终于在日本创下了保险业务的最高纪录。
PV3_0000098,F0007,EV2_0000115,EV2_0000117,NOT_TARGET,STRUCTURAL_HARD_NEGATIVE,0.55,母亲听了摇摇头，说，我年龄大了，上下楼不方便，还是现在的“窝”最好。 二姐说，她最近在学开车，等拿到驾照，就买一辆车，周末带母亲去郊外兜兜风。
PV3_0000099,F0007,EV2_0000115,EV2_0000118,NOT_TARGET,STRUCTURAL_HARD_NEGATIVE,0.55,母亲听了摇摇头，说，我年龄大了，上下楼不方便，还是现在的“窝”最好。 二姐说，她最近在学开车，等拿到驾照，就买一辆车，周末带母亲去郊外兜兜风。
PV3_0000125,F0008,EV2_0000140,EV2_0000143,NOT_TARGET,STRUCTURAL_HARD_NEGATIVE,0.55,” “妈咪，我一直希望长大后能成为消防队员。 ” 母亲强忍悲伤，微笑着说：“我来想想看能不能让你的愿望成真。
PV3_0000165,F0010,EV2_0000203,EV2_0000204,NOT_TARGET,STRUCTURAL_HARD_NEGATIVE,0.55,很快，这件事情被楚国县令知道了，他既感激、高兴，又自愧不如魏国县令。 他把这些情况写下来报告给了楚王，楚王也同样很受感动，同时也深感惭愧和不安。
PV3_0000240,F0015,EV2_0000279,EV2_0000280,NOT_TARGET,STRUCTURAL_HARD_NEGATIVE,0.55,１．误会： 早年在美国阿拉斯加地方，有一对年轻人结婚，婚后生育，他的太太因难产而死，遗下一孩子。 他忙生活，又忙于看家，因没有人帮忙看孩子，就训练一只狗，那狗聪明听话，能照顾小孩，咬着奶瓶喂奶给孩子喝，抚养孩子。
PV3_0000241,F0015,EV2_0000279,EV2_0000281,NOT_TARGET,STRUCTURAL_HARD_NEGATIVE,0.55,１．误会： 早年在美国阿拉斯加地方，有一对年轻人结婚，婚后生育，他的太太因难产而死，遗下一孩子。 他忙生活，又忙于看家，因没有人帮忙看孩子，就训练一只狗，那狗聪明听话，能照顾小孩，咬着奶瓶喂奶给孩子喝，抚养孩子。
PV3_0000242,F0015,EV2_0000279,EV2_0000282,NOT_TARGET,STRUCTURAL_HARD_NEGATIVE,0.55,１．误会： 早年在美国阿拉斯加地方，有一对年轻人结婚，婚后生育，他的太太因难产而死，遗下一孩子。 他忙生活，又忙于看家，因没有人帮忙看孩子，就训练一只狗，那狗聪明听话，能照顾小孩，咬着奶瓶喂奶给孩子喝，抚养孩子。
PV3_0000253,F0015,EV2_0000289,EV2_0000291,NOT_TARGET,STRUCTURAL_HARD_NEGATIVE,0.55,他把房门开一看，到处是血，抬头一望，床上也是血，孩子不见了，狗在身边，满口也是血，主人发现这种情形，以为狗性发作，把孩子吃掉了，大怒之下，拿起刀来向着狗头一劈，把狗杀死了。 之后，忽然听到孩子的声音，又见他从床下爬了出来，于是抱起孩子；
PV3_0000255,F0015,EV2_0000294,EV2_0000297,NOT_TARGET,STRUCTURAL_HARD_NEGATIVE,0.55,２．钉子： 有一个男孩有着很坏的脾气，于是他的父亲就给了他一袋钉子； 并且告诉他，每当他发脾气的时候就钉一根钉子在后院的围篱上。
PV3_0000276,F0016,EV2_0000319,EV2_0000320,NOT_TARGET,STRUCTURAL_HARD_NEGATIVE,0.55,整个王宫里的人都跟着国王和公主一起高兴，三兄弟却闹起了矛盾。 “公主应该嫁给我。
PV3_0000322,F0023,EV2_0000415,EV2_0000416,NOT_TARGET,STRUCTURAL_HARD_NEGATIVE,0.55,他们高兴地答应一定去。
PV3_0000346,F0026,EV2_0000473,EV2_0000474,NOT_TARGET,STRUCTURAL_HARD_NEGATIVE,0.55,老人连忙安慰道：“千万别哭，眼睛都哭得出血了，再哭就瞎了，那就更划不来了。
PV3_0000364,F0026,EV2_0000472,EV2_0000475,NOT_TARGET,STRUCTURAL_HARD_NEGATIVE,0.55,老人连忙安慰道：“千万别哭，眼睛都哭得出血了，再哭就瞎了，那就更划不来了。 ” 老人像他的老祖宗一样也会造字，他便为兔子造了一个字：“冤”。
PV3_0000365,F0026,EV2_0000473,EV2_0000475,NOT_TARGET,STRUCTURAL_HARD_NEGATIVE,0.55,老人连忙安慰道：“千万别哭，眼睛都哭得出血了，再哭就瞎了，那就更划不来了。 ” 老人像他的老祖宗一样也会造字，他便为兔子造了一个字：“冤”。
PV3_0000366,F0026,EV2_0000474,EV2_0000475,NOT_TARGET,STRUCTURAL_HARD_NEGATIVE,0.55,老人连忙安慰道：“千万别哭，眼睛都哭得出血了，再哭就瞎了，那就更划不来了。 ” 老人像他的老祖宗一样也会造字，他便为兔子造了一个字：“冤”。
PV3_0000379,F0027,EV2_0000478,EV2_0000479,NOT_TARGET,STRUCTURAL_HARD_NEGATIVE,0.55,小百灵清了清嗓子，胸有成竹地说：“我给妈妈讲一支最好听最好听的歌。 ” 小喜鹊翘了翘尾巴，快言快语地说：“我打算给妈妈讲一个最有趣最有趣的故事。
PV3_0000481,F0031,EV2_0000564,EV2_0000566,NOT_TARGET,STRUCTURAL_HARD_NEGATIVE,0.55,” “落水的众蚂蚁不要着急害怕，我现在就把我的羽毛拔下来扔给你们当渡船划! ”心灵美乌鸦(一只博爱善良爱助人为乐的灰乌鸦的雅号)大叫着跑出鸟群，它飞快地从自己身上拔下了一撮撮的羽毛扔给了落水的众蚁，然后心灵美乌鸦又飞到水面上叼起一片片趴有落水蚁的羽毛，把它们一个个的都轻轻地放在了平安的河岸上。
PV3_0000482,F0031,EV2_0000564,EV2_0000567,NOT_TARGET,STRUCTURAL_HARD_NEGATIVE,0.55,” “落水的众蚂蚁不要着急害怕，我现在就把我的羽毛拔下来扔给你们当渡船划! ”心灵美乌鸦(一只博爱善良爱助人为乐的灰乌鸦的雅号)大叫着跑出鸟群，它飞快地从自己身上拔下了一撮撮的羽毛扔给了落水的众蚁，然后心灵美乌鸦又飞到水面上叼起一片片趴有落水蚁的羽毛，把它们一个个的都轻轻地放在了平安的河岸上。
PV3_0000502,F0031,EV2_0000588,EV2_0000590,NOT_TARGET,STRUCTURAL_HARD_NEGATIVE,0.55,乌鸦靠它的美品良质赢得了大家的支持，而你孔雀却因自己的自私臭美失去了大家的赞美，”鹰王顿了顿，又提高嗓门大喊起来：“那种见死不救，在别人遇到危难时一毛不拔的小人，纵使它外表再美也不值得拥护赞美; 能够热情助人，就是它为救人拔光自羽身无一毛，它也是最美最好最值得尊重的最靓丽的鸟!
PV3_0000518,F0032,EV2_0000605,EV2_0000607,NOT_TARGET,STRUCTURAL_HARD_NEGATIVE,0.55,现在你被困，知道是什么滋味了吧。 只要你开口请求我们一句，我们就帮你回到水中，你要不肯开口，我们可就不管你啦！
PV3_0000519,F0032,EV2_0000605,EV2_0000608,NOT_TARGET,STRUCTURAL_HARD_NEGATIVE,0.55,现在你被困，知道是什么滋味了吧。 只要你开口请求我们一句，我们就帮你回到水中，你要不肯开口，我们可就不管你啦！
PV3_0000520,F0032,EV2_0000605,EV2_0000609,NOT_TARGET,STRUCTURAL_HARD_NEGATIVE,0.55,现在你被困，知道是什么滋味了吧。 只要你开口请求我们一句，我们就帮你回到水中，你要不肯开口，我们可就不管你啦！
PV3_0000553,F0034,EV2_0000656,EV2_0000657,NOT_TARGET,STRUCTURAL_HARD_NEGATIVE,0.55,三个好兄弟掉进了井里。 生命垂危之际，一根绳子垂下，他们同时抓住绳子向上攀爬。
PV3_0000560,F0034,EV2_0000666,EV2_0000669,NOT_TARGET,STRUCTURAL_HARD_NEGATIVE,0.55,哲学家说：第一个人虽然死了，却还活着； 第三个人虽然活了，但却死了。
PV3_0000561,F0034,EV2_0000667,EV2_0000669,NOT_TARGET,STRUCTURAL_HARD_NEGATIVE,0.55,哲学家说：第一个人虽然死了，却还活着； 第三个人虽然活了，但却死了。
PV3_0000571,F0035,EV2_0000688,EV2_0000689,NOT_TARGET,STRUCTURAL_HARD_NEGATIVE,0.55,河马动画成功了。 谈到河马动画成功的秘诀时。
PV3_0000573,F0035,EV2_0000690,EV2_0000693,NOT_TARGET,STRUCTURAL_HARD_NEGATIVE,0.55,谈到河马动画成功的秘诀时。 徐克总会不忘说上一句：“有梦想，别忘了要坚持下去，别轻言放弃，总有一天会成功!
PV3_0000581,F0036,EV2_0000715,EV2_0000717,NOT_TARGET,STRUCTURAL_HARD_NEGATIVE,0.55,一天，地狱官带上一个人来，对判官说：“这个人活着的时候杀过人，可是在人世间他侥幸免死，现在也应该偿命了。
PV3_0000590,F0037,EV2_0000722,EV2_0000723,NOT_TARGET,STRUCTURAL_HARD_NEGATIVE,0.55,一次，楚庄王因为打了大胜仗，十分高兴，便在宫中设盛大晚宴，招待群臣，宫中一片热火朝天。 楚王也兴致高昂，叫出自己最宠爱的妃子许姬，轮流着替群臣斟酒助兴。
PV3_0000598,F0037,EV2_0000736,EV2_0000737,NOT_TARGET,STRUCTURAL_HARD_NEGATIVE,0.55,” 那将官跪在庄王阶前，低着头回答说：“3年前，臣在大王宫中酒后失礼，本该处死，可是大王不仅没有追究、问罪，反而还设法保全我的面子，臣深深感动，对大王的恩德牢记在心。 从那时起，我就时刻准备用自己的生命来报答大王的恩德。
PV3_0000603,F0038,EV2_0000754,EV2_0000755,NOT_TARGET,STRUCTURAL_HARD_NEGATIVE,0.55,努力全都白费了！ 小火山非常非常难过，它低着头，吧嗒吧嗒地掉眼泪。
PV3_0000659,F0041,EV2_0000843,EV2_0000844,NOT_TARGET,STRUCTURAL_HARD_NEGATIVE,0.55,”小姑娘的心肠是最软的，眼眶里的泪水也贮藏得最多，她们跟着枪哭了起来。 这可把男孩子们急坏了。
PV3_0000681,F0042,EV2_0000884,EV2_0000885,NOT_TARGET,STRUCTURAL_HARD_NEGATIVE,0.55,“味道好极了！ ”看见爸爸一边擦嘴，一边掏钱包，我就用整个店里都能听到的声音叫了起来：“我爸爸要付钱啦！
PV3_0000682,F0042,EV2_0000884,EV2_0000886,NOT_TARGET,STRUCTURAL_HARD_NEGATIVE,0.55,“味道好极了！ ”看见爸爸一边擦嘴，一边掏钱包，我就用整个店里都能听到的声音叫了起来：“我爸爸要付钱啦！
PV3_0000683,F0042,EV2_0000890,EV2_0000892,NOT_TARGET,STRUCTURAL_HARD_NEGATIVE,0.55,电车要是不开就好了。 我慢吞吞地站起来，朝借书的地方走去。
PV3_0000695,F0042,EV2_0000912,EV2_0000913,NOT_TARGET,STRUCTURAL_HARD_NEGATIVE,0.55,最好的儿子。 他叫狄姆！
PV3_0000705,F0043,EV2_0000929,EV2_0000930,NOT_TARGET,STRUCTURAL_HARD_NEGATIVE,0.55,它兴奋地往回飞，要把好消息告诉同伴们。
PV3_0000715,F0043,EV2_0000929,EV2_0000931,NOT_TARGET,STRUCTURAL_HARD_NEGATIVE,0.55,它兴奋地往回飞，要把好消息告诉同伴们。 它计算了一下，这蜜源地离蜂巢不足60米，于是它回到蜂巢，作圆圈状爬行，跳起了美丽的“圆舞”。
PV3_0000716,F0043,EV2_0000929,EV2_0000932,NOT_TARGET,STRUCTURAL_HARD_NEGATIVE,0.55,它兴奋地往回飞，要把好消息告诉同伴们。 它计算了一下，这蜜源地离蜂巢不足60米，于是它回到蜂巢，作圆圈状爬行，跳起了美丽的“圆舞”。
PV3_0000729,F0044,EV2_0000942,EV2_0000944,NOT_TARGET,STRUCTURAL_HARD_NEGATIVE,0.55,小母鸡渐渐地长大了，鸡妈妈要教它学习怎样捉虫子。 在鸡妈妈的带领下，它们来到草地上，只见鸡妈妈站在草地里一动不动，小母鸡被草地里的蜻蜓吸引，快乐的追捕起了蜻蜓，一会这跑跑，一会那跳跳。
PV3_0000736,F0044,EV2_0000955,EV2_0000957,NOT_TARGET,STRUCTURAL_HARD_NEGATIVE,0.55,” 小母鸡生气的说：“可是我根本捉不到虫子。 ” 鸡妈妈严厉的斥责小母鸡说：“像你这样不专心，一会这跑跑，一会那跳跳的，三心二意怎么会捉的住虫子。
PV3_0000761,F0046,EV2_0000981,EV2_0000983,NOT_TARGET,STRUCTURAL_HARD_NEGATIVE,0.55,” 儿子听了很高兴，心想，如果要比谁先跑到那棵树，肯定是父亲赢，但要是比谁走出的路线更直，那可就不一定了。 所以他十分小心地走着，一直死死盯着自己的双脚，然后将一只脚慢慢放到另一只脚前面，就这样，好不容易才走到梅树旁。
PV3_0000776,F0048,EV2_0001004,EV2_0001005,NOT_TARGET,STRUCTURAL_HARD_NEGATIVE,0.55,当然，好桶子对自己能够送满整桶水感到很自豪。
PV3_0000779,F0048,EV2_0001013,EV2_0001014,NOT_TARGET,STRUCTURAL_HARD_NEGATIVE,0.55,挑水夫替破桶子感到难过，他满有爱心地说：“我们回到主人家的路上，我要你留意路旁盛开的花朵。
PV3_0000784,F0048,EV2_0001011,EV2_0001014,NOT_TARGET,STRUCTURAL_HARD_NEGATIVE,0.55,”破桶子说。 挑水夫替破桶子感到难过，他满有爱心地说：“我们回到主人家的路上，我要你留意路旁盛开的花朵。
PV3_0000785,F0048,EV2_0001011,EV2_0001015,NOT_TARGET,STRUCTURAL_HARD_NEGATIVE,0.55,”破桶子说。 挑水夫替破桶子感到难过，他满有爱心地说：“我们回到主人家的路上，我要你留意路旁盛开的花朵。
PV3_0000789,F0048,EV2_0001013,EV2_0001016,NOT_TARGET,STRUCTURAL_HARD_NEGATIVE,0.55,挑水夫替破桶子感到难过，他满有爱心地说：“我们回到主人家的路上，我要你留意路旁盛开的花朵。 ” 果真，他们走在山坡上，破桶子眼前一亮，看到缤纷的花朵，开满路的一旁，沐浴在温暖的阳光之下，这景象使他开心了很多！
PV3_0000791,F0048,EV2_0001013,EV2_0001018,NOT_TARGET,STRUCTURAL_HARD_NEGATIVE,0.55,挑水夫替破桶子感到难过，他满有爱心地说：“我们回到主人家的路上，我要你留意路旁盛开的花朵。 ” 果真，他们走在山坡上，破桶子眼前一亮，看到缤纷的花朵，开满路的一旁，沐浴在温暖的阳光之下，这景象使他开心了很多！
PV3_0000854,F0050,EV2_0001077,EV2_0001080,NOT_TARGET,STRUCTURAL_HARD_NEGATIVE,0.55,几天之后，他走累了，发现路边有家旅馆，他打算住一夜，付过房钱之后，他躺下睡了。 睡梦中，他被一声惨叫惊醒，他跳了起来，走到门口，想看看发生了什么事，刚刚打开门，他想起了第二条忠告，于是回到床上继续睡觉。
PV3_0000855,F0050,EV2_0001077,EV2_0001081,NOT_TARGET,STRUCTURAL_HARD_NEGATIVE,0.55,几天之后，他走累了，发现路边有家旅馆，他打算住一夜，付过房钱之后，他躺下睡了。 睡梦中，他被一声惨叫惊醒，他跳了起来，走到门口，想看看发生了什么事，刚刚打开门，他想起了第二条忠告，于是回到床上继续睡觉。
PV3_0000868,F0050,EV2_0001090,EV2_0001091,NOT_TARGET,STRUCTURAL_HARD_NEGATIVE,0.55,店主说：“您是第一个活着从这里出去的客人。 我的独子有疯病，他昨晚大叫着引客人出来，然后将他们杀死埋了。
PV3_0000916,F0052,EV2_0001150,EV2_0001151,NOT_TARGET,STRUCTURAL_HARD_NEGATIVE,0.55,戴维为法拉第创造了机会，但是法拉第之所以能成功，最主要还是靠他的勤奋。 他几十年如一日，勤奋工作着，从未停止过他的研究，他失败过，甚至失败得很惨，但他从不服输，跌倒了，再爬起来，一次比一次更用心，一次比一次更勤奋。
PV3_0000917,F0052,EV2_0001150,EV2_0001152,NOT_TARGET,STRUCTURAL_HARD_NEGATIVE,0.55,戴维为法拉第创造了机会，但是法拉第之所以能成功，最主要还是靠他的勤奋。 他几十年如一日，勤奋工作着，从未停止过他的研究，他失败过，甚至失败得很惨，但他从不服输，跌倒了，再爬起来，一次比一次更用心，一次比一次更勤奋。
PV3_0000922,F0053,EV2_0001159,EV2_0001160,NOT_TARGET,STRUCTURAL_HARD_NEGATIVE,0.55,”说完就哭了起来。 秋风娃娃心想：我一定要送妮妮一只大蛋糕。
PV3_0000937,F0054,EV2_0001179,EV2_0001181,NOT_TARGET,STRUCTURAL_HARD_NEGATIVE,0.55,” 老虎并不知道百兽害怕的正是它自己，反而因此相信了狐狸的谎言。 狐狸不仅躲过了被吃的厄运，而且还在百兽面前大抖了一回威风。
PV3_0000969,F0057,EV2_0001226,EV2_0001227,NOT_TARGET,STRUCTURAL_HARD_NEGATIVE,0.55,他们行动起来，在外国人集中居住区开蔬菜商店，生意很好，然后，他们就在北京开蔬菜连锁店。 现在，这对农民夫妇从单纯卖菜发展到种菜，专门种外国人爱吃爱买的蔬菜。
PV3_0000970,F0057,EV2_0001226,EV2_0001228,NOT_TARGET,STRUCTURAL_HARD_NEGATIVE,0.55,他们行动起来，在外国人集中居住区开蔬菜商店，生意很好，然后，他们就在北京开蔬菜连锁店。 现在，这对农民夫妇从单纯卖菜发展到种菜，专门种外国人爱吃爱买的蔬菜。
PV3_0000971,F0057,EV2_0001233,EV2_0001236,NOT_TARGET,STRUCTURAL_HARD_NEGATIVE,0.55,成功大多是被迫 他们的成功，固然是善于发现，抓住机会，但他们最初从事的职业，都是被迫的。 他们找不到更合适的职业，只好被迫去创业，于是成功了。
PV3_0000978,F0057,EV2_0001237,EV2_0001238,NOT_TARGET,STRUCTURAL_HARD_NEGATIVE,0.55,他们找不到更合适的职业，只好被迫去创业，于是成功了。 我在批发市场里，从事过批发业务，我发现大多数生意人，都不是本地人，以外地人居多。
PV3_0000982,F0057,EV2_0001245,EV2_0001246,NOT_TARGET,STRUCTURAL_HARD_NEGATIVE,0.55,加上他们能够轻松的找到体面的职业，获得体面的收入，所以，不愿意风里来、雨里去做小生意，于是，他们失去很多创业的机会。 创业守业同进步 根据我对低学历老板的观察，他们通常经历几个阶段，第一阶段，从事自己并不情愿的职业，一般是做点小生意。
PV3_0000985,F0057,EV2_0001249,EV2_0001250,NOT_TARGET,STRUCTURAL_HARD_NEGATIVE,0.55,第二阶段，发现一个机会，迅速抓住机会，取得成功。 他们能够抓住机会，不是缘于知道，而是比同道更有悟性。
PV3_0000990,F0058,EV2_0001272,EV2_0001273,NOT_TARGET,STRUCTURAL_HARD_NEGATIVE,0.55,” 从此以后，凡是要采取重要措施，大臣们在一起密谋策划的计划、方案，韩昭侯都小心对待，慎之又慎，连晚上睡觉都是独自一人，因为他担心自己在熟睡中说梦话时把计划和策略泄露给别人听见，以至于误了国家大事。
PV3_0000991,F0058,EV2_0001272,EV2_0001274,NOT_TARGET,STRUCTURAL_HARD_NEGATIVE,0.55,” 从此以后，凡是要采取重要措施，大臣们在一起密谋策划的计划、方案，韩昭侯都小心对待，慎之又慎，连晚上睡觉都是独自一人，因为他担心自己在熟睡中说梦话时把计划和策略泄露给别人听见，以至于误了国家大事。
PV3_0001055,F0061,EV2_0001316,EV2_0001317,NOT_TARGET,STRUCTURAL_HARD_NEGATIVE,0.55,5岁时皮特便失去了97%的视力。 虽然将近失明，但他拒绝进入残疾人学校，并争取到了公立学校的就读机会。
PV3_0001060,F0063,EV2_0001349,EV2_0001351,NOT_TARGET,STRUCTURAL_HARD_NEGATIVE,0.55,” 听到这里，狼和熊有点害怕了，急忙跑回他们的洞穴去了。
PV3_0001065,F0063,EV2_0001355,EV2_0001356,NOT_TARGET,STRUCTURAL_HARD_NEGATIVE,0.55,当它们的父母回家来给它们喂食时，它们都嚷道：“我们饿死也不吃，连一只苍蝇的腿也不吃。
PV3_0001079,F0063,EV2_0001349,EV2_0001352,NOT_TARGET,STRUCTURAL_HARD_NEGATIVE,0.55,” 听到这里，狼和熊有点害怕了，急忙跑回他们的洞穴去了。 他们一走，这群小山雀就哭着喊着叫开了。
PV3_0001088,F0063,EV2_0001353,EV2_0001355,NOT_TARGET,STRUCTURAL_HARD_NEGATIVE,0.55,他们一走，这群小山雀就哭着喊着叫开了。 当它们的父母回家来给它们喂食时，它们都嚷道：“我们饿死也不吃，连一只苍蝇的腿也不吃。
PV3_0001089,F0063,EV2_0001353,EV2_0001356,NOT_TARGET,STRUCTURAL_HARD_NEGATIVE,0.55,他们一走，这群小山雀就哭着喊着叫开了。 当它们的父母回家来给它们喂食时，它们都嚷道：“我们饿死也不吃，连一只苍蝇的腿也不吃。
PV3_0001094,F0063,EV2_0001359,EV2_0001361,NOT_TARGET,STRUCTURAL_HARD_NEGATIVE,0.55,” “我亲爱的，你们放心好了，”鸟王说道，“他会得到应有惩罚的。 ” 他飞到熊的洞穴口，大声叫喊道：“笨熊，你侮辱我的孩子们，真无耻。
PV3_0001172,F0066,EV2_0001493,EV2_0001494,NOT_TARGET,STRUCTURAL_HARD_NEGATIVE,0.55,它揉揉红红的双眼，开始困了，想不出来了；
PV3_0001186,F0066,EV2_0001482,EV2_0001487,NOT_TARGET,STRUCTURAL_HARD_NEGATIVE,0.55,小兔子又有个好主意，它在树干上倒立了起来，说：“我爱你到我的脚趾头这么多。 ”大兔子一把抓起小兔子的手，将它抛起来，飞得比它的头还高，说：“我爱你到你的脚趾头这么多。
PV3_0001207,F0066,EV2_0001493,EV2_0001495,NOT_TARGET,STRUCTURAL_HARD_NEGATIVE,0.55,它揉揉红红的双眼，开始困了，想不出来了； 它抬头看着树丛后面那一大片的黑夜，觉得再也没有任何东西比天空更远的了。
PV3_0001220,F0068,EV2_0001525,EV2_0001526,NOT_TARGET,STRUCTURAL_HARD_NEGATIVE,0.55,又不忍城破民遭殃。 他左思右想，决定去找钓门港老龙商量。
PV3_0001221,F0068,EV2_0001525,EV2_0001527,NOT_TARGET,STRUCTURAL_HARD_NEGATIVE,0.55,又不忍城破民遭殃。 他左思右想，决定去找钓门港老龙商量。
PV3_0001233,F0069,EV2_0001557,EV2_0001559,NOT_TARGET,STRUCTURAL_HARD_NEGATIVE,0.55,我不再觉得自己是父母的好孩子，好孩子就不应该让他们老了还要牵挂不得安心。 我也不再感觉自己是个成功的母亲，成功的母亲不会将日子过得这样一塌糊涂。
PV3_0001234,F0069,EV2_0001558,EV2_0001559,NOT_TARGET,STRUCTURAL_HARD_NEGATIVE,0.55,我不再觉得自己是父母的好孩子，好孩子就不应该让他们老了还要牵挂不得安心。 我也不再感觉自己是个成功的母亲，成功的母亲不会将日子过得这样一塌糊涂。
PV3_0001235,F0069,EV2_0001565,EV2_0001566,NOT_TARGET,STRUCTURAL_HARD_NEGATIVE,0.55,心头一阵难受涌来，我躺在草地上哭了起来。 这么久，还是第一次哭泣，忍了那么久的泪水和悲伤，开始排山倒海涌上来。
PV3_0001260,F0070,EV2_0001619,EV2_0001620,NOT_TARGET,STRUCTURAL_HARD_NEGATIVE,0.55,我没有华丽的别墅，没有名贵的豪车，没有显赫的地位，而我却拥有一份快乐的心境，一个温馨的家； 我没有家财万贯，穿金戴银，却拥有着和睦礼让，互敬互爱的兄弟姐妹。
PV3_0001262,F0070,EV2_0001622,EV2_0001623,NOT_TARGET,STRUCTURAL_HARD_NEGATIVE,0.55,而我的心灵却满载着生活的温情与人生的快乐。 朋友，敞开你的胸怀吧，你会发现，你也会想我一样，拥有无边的快乐与幸福。
PV3_0001263,F0070,EV2_0001622,EV2_0001624,NOT_TARGET,STRUCTURAL_HARD_NEGATIVE,0.55,而我的心灵却满载着生活的温情与人生的快乐。 朋友，敞开你的胸怀吧，你会发现，你也会想我一样，拥有无边的快乐与幸福。
PV3_0001309,F0072,EV2_0001680,EV2_0001681,NOT_TARGET,STRUCTURAL_HARD_NEGATIVE,0.55,村长说，哭啥，老黄升了，喜事哩。 村长劝说着别人，自己竟也落起泪来。
PV3_0001359,F0075,EV2_0001762,EV2_0001763,NOT_TARGET,STRUCTURAL_HARD_NEGATIVE,0.55,南宋大臣赵鼎出身贫寒，四岁就失去父亲，在母亲抚养和教育下成长。
PV3_0001367,F0075,EV2_0001783,EV2_0001784,NOT_TARGET,STRUCTURAL_HARD_NEGATIVE,0.55,我死了，才可不再连累你们!
PV3_0001371,F0075,EV2_0001783,EV2_0001785,NOT_TARGET,STRUCTURAL_HARD_NEGATIVE,0.55,我死了，才可不再连累你们! ”说罢，他叫儿子取来一面铭旌，在上面书写了一行字。
PV3_0001372,F0075,EV2_0001784,EV2_0001785,NOT_TARGET,STRUCTURAL_HARD_NEGATIVE,0.55,我死了，才可不再连累你们! ”说罢，他叫儿子取来一面铭旌，在上面书写了一行字。
PV3_0001382,F0076,EV2_0001807,EV2_0001808,NOT_TARGET,STRUCTURAL_HARD_NEGATIVE,0.55,小猪被砸醒了，他痛得跳了起来。
PV3_0001392,F0076,EV2_0001791,EV2_0001793,NOT_TARGET,STRUCTURAL_HARD_NEGATIVE,0.55,小猪向鸡小姐打招呼：“鸡小姐，你好！ ” 鸡小姐抬起头，一眼看见泥塘里的怪物，她惊叫一声，扔下小红伞慌里慌张地逃跑了。
PV3_0001393,F0076,EV2_0001791,EV2_0001794,NOT_TARGET,STRUCTURAL_HARD_NEGATIVE,0.55,小猪向鸡小姐打招呼：“鸡小姐，你好！ ” 鸡小姐抬起头，一眼看见泥塘里的怪物，她惊叫一声，扔下小红伞慌里慌张地逃跑了。
PV3_0001400,F0076,EV2_0001799,EV2_0001801,NOT_TARGET,STRUCTURAL_HARD_NEGATIVE,0.55,小猪跑累了，躺在地上呼噜噜地睡着了。 几只小狗跑过来，他们远远地看见躺在地上的小猪，说：“咱们来玩儿扔炸弹的游戏吧！
PV3_0001463,F0081,EV2_0001892,EV2_0001895,NOT_TARGET,STRUCTURAL_HARD_NEGATIVE,0.55,"刚出商场,天下起了雨,我们一行中,只有一个女同学带了伞,这时只见老师笑着把那女同学的伞要了过来,给我们出了道即兴的雨中测试题:谁能花最少的钱想最好的方法回到学校,不淋雨就算赢了。 说完,他笑着打开伞,朝我们摆摆手走出了商场大门。"
PV3_0001464,F0081,EV2_0001892,EV2_0001896,NOT_TARGET,STRUCTURAL_HARD_NEGATIVE,0.55,"刚出商场,天下起了雨,我们一行中,只有一个女同学带了伞,这时只见老师笑着把那女同学的伞要了过来,给我们出了道即兴的雨中测试题:谁能花最少的钱想最好的方法回到学校,不淋雨就算赢了。 说完,他笑着打开伞,朝我们摆摆手走出了商场大门。"
PV3_0001467,F0081,EV2_0001894,EV2_0001895,NOT_TARGET,STRUCTURAL_HARD_NEGATIVE,0.55,"刚出商场,天下起了雨,我们一行中,只有一个女同学带了伞,这时只见老师笑着把那女同学的伞要了过来,给我们出了道即兴的雨中测试题:谁能花最少的钱想最好的方法回到学校,不淋雨就算赢了。 说完,他笑着打开伞,朝我们摆摆手走出了商场大门。"
PV3_0001468,F0081,EV2_0001894,EV2_0001896,NOT_TARGET,STRUCTURAL_HARD_NEGATIVE,0.55,"刚出商场,天下起了雨,我们一行中,只有一个女同学带了伞,这时只见老师笑着把那女同学的伞要了过来,给我们出了道即兴的雨中测试题:谁能花最少的钱想最好的方法回到学校,不淋雨就算赢了。 说完,他笑着打开伞,朝我们摆摆手走出了商场大门。"
PV3_0001501,F0082,EV2_0001921,EV2_0001922,NOT_TARGET,STRUCTURAL_HARD_NEGATIVE,0.55,随着时间一天一天地过去，女儿长大了，不仅相貌漂亮，而且知书达理，落落大方，成了朝野皆知的绝代佳人。 渐渐地，女儿到了谈婚论嫁的年龄，可把齐景公愁坏了。
PV3_0001504,F0082,EV2_0001926,EV2_0001927,NOT_TARGET,STRUCTURAL_HARD_NEGATIVE,0.55,但是当时有个规矩，就是诸侯之女嫁给诸侯之子，可景公担心把女儿嫁到别的国家去，父女就再难见面了，而且一旦两国交战，女儿的处境就更难了，他放弃了这种想法。 他又打算把女儿下嫁给国内的臣民，这样是离女儿近一些，可以常见到女儿。
PV3_0001519,F0083,EV2_0001949,EV2_0001950,NOT_TARGET,STRUCTURAL_HARD_NEGATIVE,0.55,最后我哭着跑出家门，不知不觉我来到了公园，心里的委屈和憋闷让我感到绝望，忍不住躲在无人的角落里痛哭失声。
PV3_0001525,F0083,EV2_0001961,EV2_0001963,NOT_TARGET,STRUCTURAL_HARD_NEGATIVE,0.55,我哭的这么悲伤，他们还在我面前说着风凉话，真可恶。
PV3_0001526,F0083,EV2_0001962,EV2_0001963,NOT_TARGET,STRUCTURAL_HARD_NEGATIVE,0.55,我哭的这么悲伤，他们还在我面前说着风凉话，真可恶。
PV3_0001527,F0083,EV2_0001967,EV2_0001968,NOT_TARGET,STRUCTURAL_HARD_NEGATIVE,0.55,” “那个瓶子里装的都是小纸条，是把我和你生气的事写下来了，写好了我就赶紧把纸条丢进大瓶子里盖上盖。
PV3_0001528,F0083,EV2_0001967,EV2_0001969,NOT_TARGET,STRUCTURAL_HARD_NEGATIVE,0.55,” “那个瓶子里装的都是小纸条，是把我和你生气的事写下来了，写好了我就赶紧把纸条丢进大瓶子里盖上盖。
PV3_0001529,F0083,EV2_0001968,EV2_0001969,NOT_TARGET,STRUCTURAL_HARD_NEGATIVE,0.55,” “那个瓶子里装的都是小纸条，是把我和你生气的事写下来了，写好了我就赶紧把纸条丢进大瓶子里盖上盖。
PV3_0001537,F0083,EV2_0001956,EV2_0001958,NOT_TARGET,STRUCTURAL_HARD_NEGATIVE,0.55,” 我抬起头看见一对老夫妇手牵手站在我的面前，我没好气地说：“要你们多管闲事，我爱在那哭就在那哭。 ” “我猜准是小两口吵架了。
PV3_0001538,F0083,EV2_0001957,EV2_0001958,NOT_TARGET,STRUCTURAL_HARD_NEGATIVE,0.55,” 我抬起头看见一对老夫妇手牵手站在我的面前，我没好气地说：“要你们多管闲事，我爱在那哭就在那哭。 ” “我猜准是小两口吵架了。
PV3_0001540,F0083,EV2_0001961,EV2_0001964,NOT_TARGET,STRUCTURAL_HARD_NEGATIVE,0.55,我哭的这么悲伤，他们还在我面前说着风凉话，真可恶。 我不理他们继续哭我自己的，可耳边还是传来了他们的谈话声。
PV3_0001541,F0083,EV2_0001962,EV2_0001964,NOT_TARGET,STRUCTURAL_HARD_NEGATIVE,0.55,我哭的这么悲伤，他们还在我面前说着风凉话，真可恶。 我不理他们继续哭我自己的，可耳边还是传来了他们的谈话声。
PV3_0001636,F0086,EV2_0002067,EV2_0002068,NOT_TARGET,STRUCTURAL_HARD_NEGATIVE,0.55,临终，他向好朋友弹涂鱼倾诉了心事。 他说：“生不能再见公主一面，死了也得陪伴在她的身旁。
